Channel,Region,Fresh,Milk,Grocery,Frozen,Detergents_Paper,Delicassen
2,3,-0.7741199129721439,-0.7385455387171003,-0.8370716880261271,-0.9937873907040956,-0.8691456006270822,-0.9443053817271588
2,3,-0.8742019474266147,-0.7343518102474027,-0.793806654666566,-0.9429031621852606,-0.8388203017832648,-0.9260325406758447
2,3,-0.8867567856760709,-0.761638277303487,-0.834420168791834,-0.9217671421997238,-0.8278953556731335,-0.6728827701293283
1,3,-0.7634911010450476,-0.9689282845199678,-0.9090722916240015,-0.7903162185260666,-0.9753086419753088,-0.925531914893617
2,3,-0.596747155544459,-0.8541726236673337,-0.8448969033273331,-0.8721320097298007,-0.913090339016265,-0.7838130997079682
2,3,-0.8321860398758782,-0.7765886469779284,-0.88956314603835,-0.9789297219117743,-0.9122085048010975,-0.9395911556111806
2,3,-0.7838035453151193,-0.9143825824108491,-0.8497041292561733,-0.9850437183617118,-0.846315892612189,-0.9773884021693783
2,3,-0.8648928202018761,-0.8665359530520267,-0.7968677581728228,-0.9459601604102293,-0.837448559670782,-0.8930746766791823
1,3,-0.8937118807290366,-0.9021554130414062,-0.8665833126744774,-0.9868516205377686,-0.9160787771898884,-0.9688360450563204
2,3,-0.8929450369155044,-0.6994131503342728,-0.5930456902033908,-0.9627243442245742,-0.636390358612581,-0.9125990821860659
2,3,-0.9400256803509648,-0.8543632476886837,-0.7203832846502903,-0.8561895996318453,-0.7073290221438371,-0.9273675427617855
2,3,-0.7656132967150551,-0.9708889887395666,-0.9025620574064692,-0.9541450266254683,-0.9732510288065844,-0.9793909052982894
2,3,-0.434479437885651,-0.666026714594992,-0.7466182351229291,-0.9913878114522384,-0.8100137174211249,-0.8778473091364205
2,3,-0.6216784962727824,-0.8324414852334463,-0.6770966942237837,-0.8990861876273748,-0.6715657456398199,-0.9750104297037964
2,3,-0.5604023254984485,-0.7437468512996472,-0.7394181747631416,-0.9911577148116494,-0.7523515579071136,-0.9096787651230704
1,3,-0.8172058351464137,-0.9711613087700665,-0.9176951184021901,-0.9877720071001248,-0.9529198510679994,-0.9829370045890696
2,3,-0.9818632521311124,-0.7614204212790872,-0.7387714627547775,-0.9964170665965418,-0.7792964922594553,-0.9550688360450562
1,3,-0.8952634019331597,-0.8338303173889955,-0.9368377938497687,-0.9732430477943592,-0.9820203801685284,-0.8133083020442219
2,3,-0.6683311338588294,-0.8292008768704981,-0.7823598521185207,-0.9283413319308395,-0.8645894571820498,-0.8674176053400082
1,3,-0.8613082712130399,-0.9335539125580381,-0.7960485896288949,-0.9788311090658075,-0.876788163825201,-0.9792240300375469
2,3,-0.6871455576559546,-0.8784363383848698,-0.9008590491177769,-0.965781342449543,-0.8894767783656674,-0.911514392991239
1,3,-0.9007739772443556,-0.9777786855112127,-0.9567349666404388,-0.8896193544145683,-0.9817754262198708,-0.9763871506049228
1,3,-0.44229054463744333,-0.9492940103209291,-0.9037261390215247,-0.6915718887647097,-0.8834999020184207,-0.8193158114309553
2,3,-0.5297285729571637,-0.009626513078169419,-0.5253996141285016,-0.8314049043455394,-0.7876739173035471,-0.310805173133083
2,3,-0.5961764810785747,-0.7352776983511021,-0.7027496038888947,-0.9050029583853789,-0.7805702527924752,-0.7590738423028786
2,3,-0.7117737275742768,-0.8863063872663153,-0.8363387477499811,-0.9942147130366181,-0.8040368410738782,-0.9977471839799749
1,3,-0.8235367550023183,-0.9753278052367141,-0.9383899026698427,-0.8972454145026625,-0.9882912012541644,-0.9653733833959115
1,3,-0.7454613546385134,-0.9796304617186117,-0.9344234023518759,-0.984879363618434,-0.9952478933960417,-0.9785148101793908
2,3,-0.9267039982879766,-0.44367740969186986,-0.4405078844972352,-0.9627572151732298,-0.5786302175191065,-0.7829370045890696
1,3,-0.2316403324178763,-0.944310553762782,-0.9438222835401014,-0.9613766353296955,-0.9459141681363905,-0.9657905715477679
1,3,-0.6645147483682277,-0.9031902291573056,-0.7606303286374855,-0.9630859246597856,-0.8956006270821086,-0.8765123070504797
1,3,-0.9534721974533651,-0.883338098933867,-0.9325263804606744,-0.9321872329235421,-0.9599745247893398,-0.9590321234876928
1,3,-0.6142775617933445,-0.9656059801478697,-0.9378509759962058,-0.9920781013740055,-0.9551734273956497,-0.9832290362953692
1,3,-0.46987908834754066,-0.871165393570524,-0.8421375987583128,-0.799322858457695,-0.9824612972761122,-0.9549436795994993
1,3,-0.9732674679887291,-0.9476056261318301,-0.95130258577018,-0.9868516205377686,-0.9764844209288654,-0.9836462244472256
2,3,-0.9877839997146627,-0.8519668314202851,-0.760975241708613,-0.9734402734862927,-0.792475014697237,-0.981935753024614
1,3,-0.4658486999322323,-0.8827117628637173,-0.8830529118208176,-0.9439879034908947,-0.9579169116206154,-0.8071339173967459
2,3,-0.7295538039019867,-0.7140367359721144,-0.7310971469221896,-0.9377095522976793,-0.6814128943758575,-0.9703379224030036
2,3,-0.9181795484538289,-0.5731655841945453,-0.6398676396089547,-0.9997370324107553,-0.6593670389966687,-0.982060909470171
1,3,0.001462353318828713,-0.9863839984750078,-0.9806201968160211,-0.6720465452632962,-0.9897609249461102,-0.8784730913642051
1,3,-0.5716018118914291,-0.8835287229552169,-0.8975177037412289,-0.6882190520018407,-0.9440525181265923,-0.7554860241969128
1,3,-0.6580768270499696,-0.9180316708195471,-0.8716707804736087,-0.9339951350995989,-0.8739956888105037,-0.8832290362953692
2,3,-0.8065591896422584,-0.7957599771251174,-0.6775493926296388,-0.9946420353691406,-0.662159514011366,-0.9982060909470171
2,3,-0.9888183471840781,-0.6993586863281728,-0.4827381786434136,-0.9749523371244493,-0.5333137370174408,-0.9971214017521902
2,3,-0.8276028105717445,-0.8101384747355092,-0.7743406232148052,-0.9830385904937216,-0.773907505388987,-0.9974134334584898
2,3,-0.9076577379890858,-0.40119548493389423,-0.5359194627978916,-0.9436263230556833,-0.6399176954732511,-0.792156862745098
2,3,-0.9447159111174519,-0.6183707092575194,-0.5267792664130118,-0.9459930313588849,-0.6674015285126398,-0.9395494367959949
2,3,-0.20706566323073083,0.47608349332135136,0.197883096025955,-0.7450200512786798,0.18400940623162843,-0.7304130162703378
2,3,-0.7946285265898634,-0.8339664774042455,-0.7657824676374532,-0.9816251397015316,-0.7492651381540272,-0.9385481852315394
2,3,-0.9114741234796875,-0.4184061108614844,-0.37661273807085793,-0.9417198080336597,-0.3347050754458163,-0.9516061743846475
1,3,-0.8882548061490173,-0.9716787168280162,-0.957381678648803,-0.8739399119058575,-0.9703115814226927,-0.9099290780141843
1,3,-0.9403645183150836,-0.8911809158122624,-0.8492514308503184,-0.9929656169877061,-0.9247991377621009,-0.9875677930746766
2,3,-0.27385240931626065,-0.8948572362240104,-0.8733953458292464,-0.9833344290316217,-0.8734077993337254,-0.9468085106382979
2,3,-0.9912972143952633,-0.7162969922252631,-0.7514685751856601,-0.9763657879166392,-0.7252596511855772,-0.9907801418439716
1,3,-0.5126796732888682,-0.9620385877483217,-0.9580930618580035,-0.9207481427914008,-0.9901528512639625,-0.9445139758030872
1,3,-0.9061775510931982,-0.9012022929346567,-0.8921715511387519,-0.9660771809874432,-0.900989613952577,-0.9529828952857738
2,3,-0.9269715019438598,-0.1874787249976172,-0.42091251064380164,-0.9148313720333968,-0.1310503625318441,-0.9442219440967876
2,3,-0.9034490138031885,-0.7310022738722546,-0.7739957101436777,-0.9995726776674774,-0.6291887125220459,-0.9466416353775552
1,3,-0.7543246424367799,-0.9478507141592799,-0.9645386248746994,-0.9812306883176648,-0.9890260631001373,-0.981935753024614
1,3,-0.8906088383207903,-0.855534223819833,-0.8267458529592462,-0.9965814213398198,-0.8490593768371547,-0.933249895702962
2,3,-0.8468630737953418,-0.9185763108805467,-0.830755467411104,-0.9976661626454538,-0.7995296884185774,-0.9907384230287859
2,3,-0.3590790740806791,0.04336696485710001,0.2846934046153682,-0.8938597067911379,0.3079561042524004,-0.9159783062161034
2,3,-0.8605414273995078,-0.8314339011205969,-0.8589952251096715,-0.8642758530011175,-0.8005584950029395,-0.9599082186065915
2,3,-0.8324892106858793,-0.6855792927848807,-0.660001940136025,-0.9056275064098349,-0.6240446796002352,-0.9460992907801418
1,3,-0.915165673930877,-0.9680840924254183,-0.9300042036280542,-0.8784103609230162,-0.9390554575739762,-0.9523571130579891
2,3,-0.9985376466811713,-0.43074220824312726,-0.012147407223772944,-0.9996384195647885,0.18694885361552016,-0.9407592824363787
1,3,-0.9998929985376466,-0.9597238674890731,-0.840175905666275,-0.9950693577016632,-0.830246913580247,-0.9989987484355444
2,3,-0.6449334807575703,-0.8174366515529049,-0.7098634359809003,-0.9595358622049831,-0.7482853223593966,-0.9653316645807258
1,3,-0.9564325712451403,-0.8037934180248627,-0.913987302887569,-0.8078693051081454,-0.9615422300607487,-0.8710054234459741
1,3,-0.8511074651353567,-0.9247035115667932,-0.9721913836403417,-0.975215304713694,-0.9680090143053107,-0.9941176470588234
1,3,-0.7021435959624781,-0.9460261699549309,-0.9310389428414368,-0.6509762671750705,-0.9944640407603371,-0.9431789737171463
1,3,-0.6738595427470842,-0.9670220443064689,-0.5464608685342272,-0.8242061665899677,-0.795708406819518,-0.3963704630788485
1,3,-0.9212290901308984,-0.8615524964938795,-0.9427013160589369,-0.7091907172440995,-0.935430139133843,-0.9925740508969545
2,3,-0.6451831508363948,-0.8562967199052325,-0.812237946904944,-0.7335152192492274,-0.9627180090143054,-0.9730913642052565
2,3,-0.8539965046188964,-0.8287651648216984,-0.7889347575368895,-0.9585826046939714,-0.9070154810895552,-0.9258656654151022
1,3,-0.6362841958840104,-0.9705349726999168,-0.9999999999999999,-0.8559595029912562,-1.0,-0.9594493116395494
1,3,-0.987266825979955,-0.9038165652274552,-0.8592539099130171,-0.7533035303398855,-0.9742308446012151,-0.9628285356695869
2,3,-0.7823946927274672,-0.6557330174420979,-0.3848259805770825,-0.9722569193346919,-0.41059180873995704,-0.9580308719232373
1,3,-0.8080572101152048,-0.9695001565840174,-0.9555062138245469,-0.9319242653342974,-0.985400744660004,-0.9931581143095536
1,3,-0.9708064343546028,-0.9127486622278501,-0.9212735915151383,-0.9722897902833475,-0.941260043111895,-0.9311639549436795
1,3,-0.8751292934336768,-0.9789224296393121,-0.9351994567619129,-0.9866872657944907,-0.9702625906329612,-0.9780559032123487
2,3,-0.9961479473552804,-0.7417044510708984,-0.6895782359852117,-0.9915192952468608,-0.6171369782480894,-0.9936170212765957
2,3,-0.815261975246995,-0.7500919080102937,-0.7627429211981417,-0.9765958845572282,-0.8268665490887714,-0.9024196912807676
1,3,-0.6277954132039805,-0.9589341394006236,-0.9616284208370608,-0.9245611728354479,-0.9732020380168529,-0.9679182311222361
2,3,-0.7884224417733708,-0.9108968860204512,-0.896288950925337,-0.9620997962001182,-0.8121693121693123,-0.9951188986232791
2,3,-0.7126297392731034,0.2565390847323774,1.0000000000000004,-0.9670961803957662,0.9999999999999998,-0.877304964539007
2,3,-0.5912187466562042,0.9999999999999998,-0.3077810233139677,-0.9683781473933337,-0.016901822457378146,-0.962453066332916
1,3,-0.22848378927845348,-0.8646569448415777,-0.825085958804445,-0.7933403458023798,-0.9227905153831081,-0.40141843971631197
1,3,-0.8598102507400934,-0.9867380145146576,-0.9129310066072409,-0.6808230885543356,-0.9920634920634922,-0.9982060909470171
1,3,-0.555926097656668,-0.8970357964680091,-0.8851655043814738,-0.8876470974952336,-0.9779051538310799,-0.8675427617855652
1,3,-0.7966615543745764,-0.9852674863499584,-0.9647541955441542,-0.8908027085661692,-0.9967666078777191,-0.9851063829787233
1,3,-0.7726040589221386,-0.9262829677436923,-0.9455252918287936,-0.7150746170534481,-0.9694297472075251,-0.9535252398831873
2,3,-0.8360202589435388,-0.25338017237857924,-0.3095055886696054,-0.8945828676615606,-0.0739271017048796,-0.7861076345431789
1,3,-0.798284409886935,-0.9173508707432975,-0.9556139991592743,0.14995726776674778,-0.996668626298256,-0.8875677930746766
2,3,-0.8997217961978813,-0.6687226828969404,-0.7559740021772636,-0.9940503582933402,-0.7533313737017442,-0.9899457655402586
1,3,-0.9999999999999999,-0.9219803112617948,-0.8652898886577491,-0.986358556307935,-0.9892220262590634,-0.970546516478932
2,3,-0.9996433284588222,-0.93025884018899,-0.8250644017374995,-0.9960554861613305,-0.8103566529492456,-0.9910721735502711
1,3,-0.9928665691764453,-0.994580831393053,-0.9869148603640987,-0.9753796594569718,-0.997501469723692,-0.997496871088861
1,3,-0.9910832114705567,-0.9984477758261509,-0.9832932731172596,-0.9714022746696469,-0.997403488144229,-0.9946182728410512
1,3,-0.8278168134964511,-0.9420775295126832,-0.9589122304019314,-0.8154624942475839,-0.9896139525769156,-0.9866499791405924
2,3,-0.7932910083104469,-0.7896600084419209,-0.7382756502150316,-0.893925448688449,-0.6065059768763473,-0.8737588652482269
2,3,-0.9747298213075578,-0.7071198071974183,-0.649395863198853,-0.9484583525080533,-0.6686752890456595,-0.9234459741343345
2,3,-0.9477654527945215,-0.8256062524679002,-0.8345710682604524,-0.9166392742094536,-0.7761120909269058,-0.9423028785982478
1,3,8.916788529456099e-05,-0.9060768214806039,-0.808077432984468,-0.4082243113536256,-0.9276406035665296,-0.8959115561118064
1,3,-0.7486000642008774,-0.9434391296651824,-0.9258005755736873,-0.9569061863125369,-0.9271017048794827,-0.9772632457238214
1,3,-0.7220815351143132,-0.973884509075065,-0.9144831154273149,-0.9709092104398132,-0.993337252596512,-0.9426366291197329
2,3,-0.9741234796875556,-0.8289285568399982,-0.7693178266165104,-0.9964499375451975,-0.6655398785028416,-0.923738005840634
2,3,-0.8431715233441524,-0.7115858556976158,-0.679166172650549,-0.9195976595884556,-0.5607485792670979,-0.940133500208594
2,3,-0.9727502942540214,-0.7728306305570305,-0.8495747868545005,-0.9927026493984615,-0.8774250440917108,-0.948560700876095
2,3,-0.9749794913863822,-0.545933581144561,-0.37521152871940233,-0.9786996252711853,-0.9591906721536352,-0.9999999999999999
1,3,-0.7892962870492563,-0.9566194191413748,-0.9635469997952077,-0.9260074945762934,-0.9918675289045661,-0.9314142678347934
2,3,-0.7757249349074437,-0.6988412782702231,-0.6213285620358493,-0.974360660048649,-0.6838134430727024,-0.9367542761785564
1,3,-0.6603951920676249,-0.9260651117192924,-0.9468402729124674,-0.7098152652685555,-0.9764844209288654,-0.8871506049228202
1,3,-0.7425723151549737,-0.939000313168035,-0.9627062741843344,-0.8949773190454275,-0.9714873603762494,-0.9350020859407592
1,3,-0.6782644362806292,-0.972087196873766,-0.9569505373098935,-0.916836499901387,-0.9943660591808741,-0.9473091364205256
1,3,-0.8014944537575346,-0.9799027817491115,-0.9356521551677678,-0.9115771481164946,-0.9866255144032923,-0.9746766791823112
1,3,-0.8007989442522381,-0.9328458804787385,-0.9277407115987798,-0.9509565446058772,-0.9849598275524203,-0.9908635794743429
1,3,-0.8753967970895602,-0.8958375883338098,-0.8840876510342002,-0.946683321280652,-0.9845189104448365,-0.9517313308302043
1,3,-0.6425081142775617,-0.9500020424002287,-0.9491468790756329,-0.8251922950496351,-0.9800117577895356,-0.9612015018773467
1,3,-0.8527838213788921,-0.9376659450185858,-0.9537816484689092,-0.8727565577542566,-0.9871154223006076,-0.97363370880267
1,3,-0.6940293184006847,-0.9688193565077678,-0.9265119587828878,-0.9213726908158568,-0.9916225749559084,-0.95273258239466
1,3,-0.928362520954453,-0.9134294623040997,-0.9677721849165202,-0.9220958516862796,-0.9872134038800706,-0.9894868585732165
1,3,-0.782269857688055,-0.9960241275547022,-0.9947831897991958,-0.9353757149431332,-0.9989222026259065,-0.964246975385899
2,3,-0.8008524449834147,-0.7082363193224677,-0.8100606831434514,-0.9287029123660508,-0.9033411718596904,-0.9941593658740091
1,3,-0.35715304775831935,-0.9567828111596748,-0.9362341959752954,-0.8434685425021365,-0.9756515775034295,-0.9324989570296203
1,3,0.3595249135071512,-0.9069210135751534,-0.8469663817540984,-0.45720202485043704,-0.962032137958064,-0.9618272841051314
1,3,-0.6573099832364375,-0.9513908745557779,-0.9643230542052448,-0.731444349483926,-0.9830491867528905,-0.9799749687108885
2,3,-0.6172557691621785,-0.8042563620767125,-0.7697274108884744,-0.9718953388994805,-0.883254948069763,-0.8854401335002086
1,3,-0.9975567999429324,-0.7605762291845376,-0.9176520042682992,-0.9961540990072972,-0.9481187536743093,-0.9999999999999999
1,3,-0.24547918821557224,-0.9762809253434636,-0.9675135001131745,-0.944349483926106,-0.9800607485792672,-0.9242386316228619
1,3,-0.8725612583371972,-0.9353784567623871,-0.9849962814059517,-0.7932088620077574,-0.9807956104252402,-0.9621193158114308
1,3,-0.9625851553304561,-0.9854581103713083,-0.9932957521799582,-0.9894484254815593,-0.9967176170879876,-0.9871923237380058
1,3,-0.7342797018225915,-0.9461623299701809,-0.9466247022430128,-0.9818881072907764,-0.9533607681755831,-0.9864413850646641
1,3,-0.8318115347576416,-0.9731220129896654,-0.9734416935231791,-0.9864900401025573,-0.9876053301979228,-0.9836045056320399
1,3,-0.8682990334201234,-0.9502471304276785,-0.9531996076613815,-0.9771546906843731,-0.9978444052518127,-0.9777221526908635
1,3,-0.8877019652601918,-0.9663957082363193,-0.9442103107451199,-0.9623627637893629,-0.9903978052126201,-0.9865248226950354
1,3,-0.9175732068338267,-0.7678744060019334,-0.8485184905741724,-0.8504371836171191,-0.8802665098961396,-0.9357947434292866
1,3,-0.9450012483503941,-0.7814631755238756,-0.8215290427584422,-0.9790940766550522,-0.9648246129727612,-0.9986232790988735
1,3,-0.7586403680850304,-0.8855711231839657,-0.8915463961973333,-0.9957267766747747,-0.9879482657260437,-0.8636629119732999
1,3,-0.9039840211149552,-0.865909616981877,-0.9279993964021254,-0.9737032410755373,-0.9689398393102098,-0.9613683771380892
1,3,-0.6857723722224203,-0.8849447871138161,-0.8425902971641677,-0.9259088817303267,-0.9531158142269255,-0.8909887359198998
1,3,-0.4582872632592645,-0.6406192557493566,-0.8882050508207853,-0.9902701991979488,-0.9976484420928866,-0.9396328744263662
1,3,-0.3395691407782573,-0.806734474354261,-0.8221541976998609,-0.9023732824929327,-0.9991671565745641,-0.9999999999999999
1,3,-0.8144951314334629,-0.958035483299974,-0.9764381258285997,-0.723884031293143,-0.980599647266314,-0.9868585732165206
1,3,-0.664300745443521,-0.9013656849529567,-0.9572092221132391,-0.9969430017750311,-0.974867724867725,-0.9917396745932415
2,3,-0.6070192959303777,-0.7731846465966803,-0.25005119803399534,-0.9994411938728551,-0.38330393885949454,-0.815310805173133
1,3,-0.8615044405606876,-0.9487766022629793,-0.953134936460545,-0.970383275261324,-0.996570644718793,-0.9784313725490196
1,3,-0.8359310910582445,-0.9096442138801519,-0.9417096909794452,-0.9585497337453158,-0.9471389378796787,-0.9781810596579057
1,3,-0.8944073902343331,-0.9855942703865582,-0.9883807409163908,-0.8676286897639864,-0.9862825788751716,-0.9820191906549853
1,3,-0.4327317473338802,-0.9624742997971215,-0.964473953673863,-0.9745250147919268,-0.9946110131295317,-0.9400500625782227
1,3,-0.7107037129507436,-0.9517993546015276,-0.9620164480420793,-0.9727828545131811,-0.9918185381148346,-0.9556111806424696
1,3,-0.9770660199022719,-0.9108696540174012,-0.9564762818370931,-0.9833672999802774,-0.9876543209876544,-0.9261159783062161
1,3,-0.6640689089417555,-0.9641626839862205,-0.9324832663267835,-0.9021760568009992,-0.982902214383696,-0.9924488944513975
1,3,-0.9382958233762527,-0.7496017319553939,-0.94901753667396,-0.975215304713694,-0.9853517538702725,-0.9322486441385064
1,3,-0.9889610158005492,-0.9999999999999999,-0.9971113530293068,-0.9983564525672209,-0.999804036841074,-0.9997914059240717
2,3,-0.9645825159610514,-0.7103876475634164,-0.5805641484419628,-0.9931628426796396,-0.43298059964726643,-0.9103045473508552
2,3,-0.9317509005956415,-0.8574132320302819,-0.6798344417258586,-0.990401682992571,-0.6722026259063297,-0.8673758865248227
1,3,-0.6830973356635874,-0.9642988440014705,-0.9467324875777401,-0.8897837091578462,-0.9604154418969235,-0.9826866916979557
2,3,-0.9490316367657025,-0.822583500129352,-0.7927288013192924,-0.9702517914667016,-0.8039878502841467,-0.9299541093032957
2,3,-0.9937225808752719,-0.7917024086706697,-0.6835638143074252,-0.9877391361514692,-0.604448363707623,-0.9874843554443054
2,3,-0.9692905803045975,-0.9020737170322563,-0.723659958826002,-0.973736112024193,-0.7834117185969038,-0.9101376720901125
1,3,-0.7783108035809823,-0.9867924785207575,-0.993964021255268,-0.9649266977844979,-1.0,-0.9069670421360032
1,3,-0.7293933017084566,-0.9463801859945807,-0.9179322461385903,-0.9132206955492734,-0.9887811091514797,-0.9746766791823112
2,3,-0.9014159860184755,-0.5732472802036953,-0.4208262823760198,-0.9230162382486358,-0.32769939251420743,-0.9815185648727576
2,3,-0.9068908941755537,-0.7944528409787182,-0.8150188085409098,-0.9173295641312207,-0.8201548108955518,-0.9901960784313725
2,3,-0.7215821949566643,-0.6569312255762971,-0.5719844357976652,-0.8553678259154558,-0.6519204389574761,-0.9008760951188985
2,3,-0.9140599921532261,-0.8184714676688043,-0.8023863673108635,-0.9681809217014002,-0.7565157750342937,-0.8483938256153525
1,3,-0.9478724542568748,-0.9144915104230491,-0.9296161764230357,-0.9875090395108802,-0.9178424456202235,-0.9712140175219023
1,3,-0.896458251596105,-0.9814822379260105,-0.9827543464436228,-0.9550325422391689,-0.9962766999804038,-0.9822277847309135
1,3,-0.9035025145343653,-0.9819724139809103,-0.9536091919333455,-0.9219643678916573,-0.9967666078777191,-0.9688360450563204
2,3,-0.9954167706958661,-0.7652601337091349,-0.7105532621231554,-0.9641377950167641,-0.6564765824025085,-0.9866499791405924
2,3,-0.9964867853193993,-0.29722369728905407,-0.572889832609375,-0.9794227861416079,-0.5703507740544779,-0.7393825615352523
1,3,-0.98302243463994,-0.8522936154568849,-0.8591676816452353,-0.9898757478140818,-0.8610131295316481,-0.9706299541093032
2,3,-0.990887042122909,-0.7924376727530192,-0.5731269603457751,-0.9700216948261126,-0.518273564569861,-0.9702544847726324
1,3,-0.9949530976923351,-0.968601500483368,-0.8870840833396207,-0.9181513378476102,-0.9926513815402705,-0.9399666249478514
2,3,-0.9582694296822056,-0.7878626962406219,-0.7440960582903089,-0.9991124843862993,-0.7945816186556929,-0.929328327075511
1,3,-0.18612904376359807,-0.812017482945958,-0.8591676816452353,-0.7586286240220892,-0.92509308250049,-0.9905298289528577
1,3,-0.7725148910368441,-0.8018871778113639,-0.9023464867370145,-0.9432318716718163,-0.9991671565745641,-0.890362953692115
1,3,-0.8038484859293077,-0.8088313385891098,-0.8934649751554802,-0.9629544408651632,-0.994268077601411,-0.9836462244472256
1,3,-0.943752897956272,-0.8683877292594255,-0.9461720038371578,-0.8536585365853657,-0.9867724867724869,-0.9098039215686273
1,3,-0.7797018225915754,-0.8371253897580435,-0.808487017256432,-0.9876076523568469,-0.9324417009602196,-0.8835627868168543
1,3,1.0000000000000002,-0.19469520580586297,-0.6088470202744214,-0.45039773847873243,-0.7577405447775819,-0.6434292866082603
1,3,-0.9876769982523094,-0.7691270781422327,-0.7733274410683681,-0.9862599434619682,-0.6617675876935137,-0.9936170212765957
1,3,-0.34293968684238685,0.1953487738790627,-0.5652586309106782,0.20008546446650466,-0.988438173623359,1.0000000000000002
1,3,-0.9942219210329207,-0.9764987813678634,-0.898530885887666,-0.9983893235158766,-0.9837840485988635,-0.9996662494785148
1,3,-0.8543531761600741,-0.82590580450145,-0.9755111719499444,-0.9291302346985733,-0.9973055065647659,-0.9898206090947016
1,3,-0.9463922673609872,-0.9873098865787072,-0.9816549360294037,-0.886759581881533,-0.9536547129139723,-0.9697955778055902
1,3,-0.9565752398616114,-0.7835872717617743,-0.7883958308632526,-0.7947537965945697,-0.8306878306878308,-0.9999999999999999
2,3,-0.8566715411777294,-0.7934724888689186,-0.7481272298091121,-0.9101636973243047,-0.6650989613952578,-0.9832707551105548
2,3,-0.9851802974640653,-0.6862328608580803,-0.7516841458551149,-0.9917822628361054,-0.8028610621203215,-0.9226950354609929
1,3,-0.6980240396618753,-0.8312977411053469,-0.9573601215818575,-0.7598119781736901,-0.9943660591808741,-0.9974551522736753
1,3,-0.7570888468809074,-0.9934643192680037,-0.9702943617491403,-0.9715666294129248,-0.9980403684107388,-0.9966207759699623
1,3,-0.901808324713771,-0.9617118037117219,-0.9515397135065802,-0.9828413648017881,-0.9909856946893985,-0.9830621610346265
2,3,-0.9968434568605771,-0.9065942295385536,-0.5626286687433306,-0.9692985339556899,-0.7249167156574565,-0.9723404255319148
1,3,-0.8733102685736704,-0.973938973081165,-0.9359539541050044,-0.9743277890999933,-0.9827552420145014,-0.9524822695035461
1,3,-0.6964725184577523,-0.8615524964938795,-0.8873212110760209,-0.7415357307211885,-0.9839800117577896,-0.9269086357947434
1,1,-0.45391803687983734,-0.805182250180412,-0.8944997143688629,-0.38577345342186564,-0.9627669998040369,-0.8801418439716311
2,1,-0.9567714092092592,-0.8082322345220102,-0.776065188570443,-0.9637762145815527,-0.7888007054673722,-0.9388819357530246
1,1,-0.7916503192210294,-0.9428400255980828,-0.8529592463649395,-0.884885937808165,-0.9711444248481287,-0.9710471422611597
1,1,-0.8276028105717445,-0.9394087932137848,-0.9545361458120007,-0.9837288804154887,-0.9804526748971194,-0.9856487275761368
2,1,-0.9453579198915718,-0.6409460397859563,-0.5015143839529193,-0.8712773650647556,-0.5122476974328827,-0.9696287025448477
2,1,-0.9200877411991297,-0.6093841482510245,-0.4674326611121289,-0.8841627769377424,-0.30276308054085843,-0.9299958281184814
1,1,-0.5505938581160609,-0.6886837411325789,-0.7954881058883128,-0.8343304187758858,-0.98623358808544,-0.7141843971631205
1,1,-0.9896565253058458,-0.9828438380785098,-0.9522942108496717,-0.9854052987969232,-0.9534097589653147,-0.9993742177722152
1,1,-0.9651710240039947,-0.977234045450213,-0.8874074393438027,-0.9553612517257247,-0.999902018420537,-0.9447225698790154
2,1,-0.9803117309269893,-0.6825837724493824,-0.4914041195554931,-0.9694300177503121,-0.5462473055065649,-0.9705047976637463
1,1,-0.8864001141348932,-0.9802567977887613,-0.9795854576026385,-0.9719610807967917,-0.9860376249265139,-0.988235294117647
2,1,-0.954738381424546,-0.8724997617199732,-0.868803690569861,-0.903983958977056,-0.7397119341563787,-0.9951188986232791
1,1,-0.9726432927916681,-0.8994322127364077,-0.8742145143731743,-0.9397146801656695,-0.8345091122868902,-0.966499791405924
2,1,-0.9010771480543567,-0.6548615933444983,-0.6386173297261173,-0.9724212740779697,-0.3916813639035862,-0.9668752607425949
1,1,-0.6689374754788315,-0.9498931143880287,-0.9700356769457946,-0.941621195187693,-0.9881932196747013,-0.9125156445556946
2,1,-0.7839283803545315,-0.23012404177389267,-0.1443784558672946,-0.845144960883571,-0.04923574368018824,-0.8803921568627451
1,1,-0.8700288903948353,-0.973938973081165,-0.9556139991592743,-0.9583853790020379,-0.9883891828336274,-0.9260742594910304
1,1,-0.9408995256268502,-0.8217120760317524,-0.852161634887957,-0.9571362829531259,-0.8060944542426025,-0.9494367959949936
2,1,-0.9579305917180868,-0.8231009081873016,-0.7550901624324993,-0.9708105975938465,-0.7083088379384677,-0.9671255736337088
1,1,-0.9500124835039412,-0.7083452473346676,-0.6651109650021017,-0.9556570902636249,-0.7146286498138351,-0.9005006257822277
2,1,-0.9548988836180761,-0.549473741541059,-0.21353352662836678,-0.9949378739070409,-0.3481775426219872,-0.9720066750104296
1,1,-0.6782644362806292,-0.9613305556690221,-0.9559589122304019,-0.9175925317204654,-0.9937781697040957,-0.9518147684605757
2,1,-0.9997324963441167,-0.7971488092806666,-0.6722894682949436,-0.9585826046939714,-0.765138154027043,-0.7342928660826031
1,1,-0.9259549880515033,-0.9915036150484048,-0.970100348146631,-0.925021366116626,-0.9959337644522831,-0.9947017104714225
1,1,-0.7369190712273067,-0.9770161894258131,-0.9702728046821948,-0.9428045493392938,-0.997403488144229,-0.968877763871506
1,1,-0.9038235189214252,-0.7971760412837166,-0.7705681364993477,-0.9978305173887317,-0.7960023515579072,-0.9901543596161868
1,1,-0.9101544387773299,-0.9711340767670165,-0.93849768800457,-0.7544211425941751,-0.9876053301979228,-0.9844806007509386
2,1,-0.9502978207368833,-0.9326824884604387,-0.8865667137329294,-0.8163500098612845,-0.9615422300607487,-0.9433875677930746
1,1,-0.8703320612048364,-0.9835518701578094,-0.9677506278495747,-0.9750509499704161,-0.9967176170879876,-0.9726324572382143
1,1,-0.7739237436244961,-0.9131843742766499,-0.9104519439085117,-0.9791269476037078,-0.9628649813835,-0.967334167709637
2,1,-0.629436102293398,-0.8402570701087918,-0.8014809704991538,-0.9430017750312273,-0.8743386243386244,-0.9353358364622444
1,1,-0.9279701822591575,-0.9414784254455836,-0.9663709755650645,-0.9256787850897376,-0.9872623946698021,-0.971380892782645
1,1,-0.9667225452081178,-0.9857848944079081,-0.9877340289080266,-0.96959437249359,-0.7668528316676466,-0.9916562369628702
1,1,-0.8456860577094554,-0.926718679792492,-0.9461504467702123,-0.7758201301689566,-0.9661473642955125,-0.9592407175636212
2,1,-0.8026001355351856,-0.8384052939013928,-0.8790217403020144,-0.7273026099533231,-0.9533607681755831,-0.9109720483938255
1,1,-0.9582515961051468,-0.7107144316000162,-0.9175442189335717,-0.9535204786010123,-0.923427395649618,-0.979682937004589
1,1,-0.5370581731283661,-0.9530247947387769,-0.9173286482641171,-0.9798501084741305,-0.98623358808544,-0.9653316645807258
1,1,-0.9828619324464101,-0.8657734569666271,-0.9285814372096531,-0.9700216948261126,-0.9801097393689987,-0.9998331247392573
1,1,-0.721796197881371,-0.9278896559236414,-0.9174364335988444,-0.8607915324436262,-0.9842249657064472,-0.8931998331247392
1,1,-0.9672753860969433,-0.827757580708849,-0.9391875141468251,-0.9607849582538951,-0.9405741720556536,-0.9878181059657906
1,1,-0.8460605628276919,-0.9791675176667619,-0.9343802882179849,-0.9248241404246925,-0.9798157946306095,-0.9907384230287859
1,1,-0.6667082783464706,-0.8969813324619091,-0.9872813305021718,-0.84849779764644,-0.9987752302567119,-0.9494367959949936
1,1,-0.8687448728465955,-0.9885625587190064,-0.9874537870377356,-0.9642692788113864,-0.9966196355085245,-0.9911138923654568
1,1,-0.15308342547348142,-0.9315932083384393,-0.9186005152138998,-0.8284793899151929,-0.9595825984714874,-0.9061326658322904
1,1,-0.6060027820380212,-0.904143349264055,-0.8482813628377721,-0.6253697981723751,-0.9833431314912797,-0.8931581143095535
1,1,-0.5554802582301958,-0.9524529226747273,-0.9467109305107946,-0.9279797514956281,-0.9799627669998041,-0.9564455569461827
1,1,-0.6750187252559118,-0.9835518701578094,-0.9372473781217326,-0.8774899743606599,-0.9714383695865179,-0.9760116812682519
1,1,-0.8001391019010593,-0.904116117261005,-0.8897140455069682,-0.98238117152061,-0.9177444640407605,-0.9000834376303712
1,1,-0.8894496558119627,-0.7897689364541208,-0.7668818780516722,-0.9619354414568404,-0.8461689202429944,-0.9179390905298289
2,1,-0.9454470877768663,-0.8339120133981455,-0.7000765275876564,-0.9932614555256064,-0.5625122476974329,-0.8839799749687108
1,1,-0.8416021685629703,-0.9353784567623871,-0.9617577632387336,-0.9424100979554269,-0.9790809327846366,-0.9746766791823112
1,1,-0.7580696936191461,-0.9920754871124545,-0.9895232654645008,-0.9325488133587534,-0.9979913776210073,-0.9726324572382143
1,1,-0.7205835146413667,-0.8577400160668818,-0.9481983681300321,-0.9824469134179211,-0.9726141485400746,-0.9762619941593658
1,1,-0.8566715411777294,-0.8981523085930585,-0.9554415426237105,-0.7924199592400236,-0.9551734273956497,-0.9879849812265331
1,1,-0.9431465563362699,-0.9472243780891303,-0.9612835077659333,-0.9439550325422391,-0.9886831275720166,-0.9705047976637463
2,1,-0.890662339051967,-0.37153983361246135,-0.27604902077023385,-0.7790743540858588,-0.08921222810111706,-0.7864831038798498
1,1,-0.8819417198701716,-0.9508462344947781,-0.8978841738793019,-0.748274275195582,-0.9901038604742309,-0.9294952023362536
1,1,-0.4734993044904947,-0.7847037838868237,-0.6343274734039686,-0.9866215238971796,-0.9823633156966491,-0.9420942845223195
1,1,-0.814958804436994,-0.5120842013534305,-0.8977117173437381,-0.8467885083163499,-0.9243582206545171,-0.8639132248644138
1,1,-0.4362627955915397,-0.9881813106763067,-0.9678368561173566,-0.8942541581750049,-0.9947089947089948,-0.9744680851063829
1,1,-0.8022434639940079,-0.8651198888934275,-0.8869116268040569,-0.9859312339754125,-0.9809425827944348,-0.9845640383813099
1,1,-0.8489139351571138,-0.9489127622782293,-0.9594727141425137,-0.836335546643876,-0.8241230648638057,-0.9589486858573216
1,1,0.00010700146235342878,-0.8772381302506705,-0.9542774610086551,-0.7897245414502662,-0.9643836958651775,-0.8615769712140174
1,1,-0.05121803331312191,-0.8664542570428767,-0.8419220280888581,-0.9018144763657878,-0.9527728786988048,-0.9659991656236963
1,1,-0.8361094268288333,-0.8684694252685755,-0.9535660777994545,-0.9900729735060153,-0.9619341563786009,-0.9772632457238214
1,1,-0.8599172522024467,-0.9712702367822664,-0.9764812399624906,-0.7767076457826572,-0.9977464236723497,-0.9881518564872757
1,1,-0.5852979990726539,-0.9641354519831705,-0.9639134699332808,-0.9685425021366115,-0.9791299235743681,-0.972799332498957
1,1,-0.9616578093233941,-0.9711340767670165,-0.8559772357373054,-0.8586877917296692,-0.8583676268861455,-0.9829787234042553
2,1,-0.9809180725469914,-0.7379192026469505,-0.6671157722280305,-0.9988166458483991,-0.7071820497746425,-0.9473508552357113
1,1,-0.8946748938902165,-0.3608104244107675,-0.7047544111148236,-0.6670172901189928,-0.9594846168920244,-0.848435544430538
2,1,-0.9898526946534936,-0.7356317143907519,-0.5218858122163896,-0.9278153967523501,-0.7609739368998629,-0.8931998331247392
1,1,-0.6274565752398615,-0.9682202524406682,-0.944533666749302,-0.870159752810466,-0.9640407603370568,-0.8487692949520234
2,1,-0.7876912651139565,-0.7821984396062251,-0.5722215635340655,-0.9656827296035763,-0.6878796786204195,-0.9710054234459741
1,1,-0.7286621250490423,-0.9944719033808531,-0.9755327290168898,-0.9181184668989546,-0.983833039388595,-0.9916145181476845
1,1,-0.9158790170132325,-0.9733943330201652,-0.9790465309290017,-0.8200315561107092,-0.9904957867920832,-0.9977889027951605
1,1,-0.9629061597175161,-0.8651471208964775,-0.9663709755650645,-0.9640063112221418,-0.9929453262786597,-0.9354609929078014
1,1,-0.990887042122909,-0.7748457987827294,-0.8519891783523933,-0.9834330418775885,-0.9955908289241624,-0.9567375886524823
1,3,-0.34347469415415344,-0.9185763108805467,-0.9678799702512475,-0.8429754782723029,-0.9898589065255733,-0.9240300375469336
1,3,-0.9841102828405321,-0.9551216589736258,-0.9603781109542234,-0.9763657879166392,-0.962962962962963,-0.9520233625365039
1,3,-0.9879266683311339,-0.9576542352572742,-0.9952574452719962,-0.972487015975281,-0.9954438565549678,-0.984313725490196
1,3,-0.5024788672111852,-0.8994049807333577,-0.8499412569925735,-0.8535927946880546,-0.9706055261610819,-0.8957029620358781
1,3,-0.8384634590006063,-0.9789224296393121,-0.9853411944770794,-0.4446781934126618,-0.9697236919459142,-0.9943262411347518
1,3,-0.7915254841816171,-0.9384012091009353,-0.9452450499585026,-0.8086910788245347,-0.9867234959827553,-0.9413433458489778
2,3,-0.6904626029889075,-0.8326593412578461,-0.7910904642314366,-0.9583196371047268,-0.8228003135410544,-0.9283270755110554
1,3,-0.9400256803509648,-0.9229606633715942,-0.9476594414563954,-0.9687068568798894,-0.9919655104840291,-0.9540675844806007
2,3,-0.781806184684524,-0.8079326824884604,-0.8656563587958221,-0.9648938268358423,-0.8860964138741918,-0.9133917396745932
1,3,-0.12508470949102968,-0.8935228680745612,-0.9084040225486919,-0.8045822102425875,-0.9491475602586714,-0.941551939924906
1,3,-0.5405357206548489,-0.9031085331481556,-0.9566702954396024,-0.6621523897179671,-0.9847638643934942,-0.942386316228619
1,3,0.2295894710561044,-0.8813773947142681,-0.7282516140853874,-0.7151074880021037,-0.9633548892808154,-0.899749687108886
1,3,-0.28218068980276056,-0.9840692782157591,-0.9224592301971393,-0.9665702452172769,-0.9787869880462474,-0.9993742177722152
1,3,-0.8725612583371972,-0.9403074493144342,-0.9732907940545609,-0.9476037078430083,-0.9400842641583383,-0.9947851481017939
1,3,-0.7262367585690337,-0.944256089756682,-0.9391012858790432,-0.7258234172638222,-0.981236527532824,-0.9572799332498957
1,3,-0.7100795377536826,-0.9853219503560584,-0.9721267124395053,-0.9729472092564591,-0.9783460709386637,-0.9893617021276595
1,3,-0.23702607268966003,-0.9937094072954535,-0.9899112926695193,-0.9551968969824468,-0.9985792670977858,-0.9992073425114726
1,3,-0.951760174055712,-0.9426766335797829,-0.9431109003309008,-0.9843205574912891,-0.9528708602782678,-0.9366291197329996
1,3,-0.8926596996825623,-0.9101616219381016,-0.9297670758916541,-0.9184143054368548,-0.9897609249461102,-0.9715060492282018
1,3,-0.9494418090380567,-0.9174597987554973,-0.9067441283938906,-0.8746630727762802,-0.9597295708406821,-0.9559032123487692
2,2,-0.9287905268038663,-0.6991408303037729,-0.7312696034577535,-0.9711721780290579,-0.7085537918871253,-0.9692115143929911
1,2,-0.6206798159574847,-0.9466797380281305,-0.8588658827079987,-0.9709420813884688,-0.9604154418969235,-0.9227784730913642
2,2,-0.864732318008346,-0.9498386503819287,-0.887234982808239,-0.9871145881270132,-0.8919753086419754,-0.989528577388402
1,2,-0.6596640154082105,-0.9659872281905695,-0.921532276318484,-0.9007297350601537,-0.965363511659808,-0.9626616604088443
2,2,-0.8557798623247851,-0.9143825824108491,-0.8494670015197732,-0.9529945434225231,-0.8182931608857535,-0.9779724655819774
2,2,-0.8795341869672219,-0.8773198262598204,-0.7852484990892138,-0.9701203076720794,-0.7778267685675094,-0.9568627450980391
1,2,-0.992135392517031,-0.9775608294868128,-0.9556571132931653,-0.9921438432713168,-0.9859396433470509,-0.9893199833124738
2,2,-0.7067268252666119,-0.8314883651266969,-0.8629617254276382,-0.973736112024193,-0.8697334901038606,-0.9164789319983312
2,2,-0.9058387131290794,-0.6388764075541575,-0.5603220625801653,-0.9413582275984484,-0.57137958063884,-0.9929495202336253
2,2,-0.9485857973392302,-0.857113679996732,-0.7891287711393986,-0.9888567484057589,-0.6946404076033706,-0.9769712140175218
2,2,-0.9537040339551307,-0.9010661329194068,-0.7019519924119123,-0.9846492669778449,-0.5068587105624144,-0.9976637463496036
2,2,-0.9971822948246959,-0.7983470174148659,-0.4660314517606733,-0.9805403983958976,-0.42288849696257114,-0.8995828118481435
2,2,-0.9957199415058672,-0.6491428727040016,-0.8092415145995235,-0.9745578857405823,-0.808641975308642,-0.991322486441385
2,2,-0.884705924314299,-0.6511035769236005,-0.5350787371870183,-0.9403392281901255,-0.6298745835782874,-0.9357530246141009
1,2,-0.6910511110318507,-0.9368489849270862,-0.9387994869418066,-0.96305305371113,-0.9829512051734275,-0.9615352523988319
1,2,-0.8754502978207368,-0.973721117056765,-0.9352425708958038,-0.9871474590756688,-0.9875563394081913,-0.9727576136837713
2,2,-0.9836822769911189,-0.43902073717032253,-0.7075999439516258,-0.9526658339359673,-0.664756025867137,-0.966499791405924
1,2,-0.8746121196989691,-0.9608676116171724,-0.9482199251969776,-0.5876668200644269,-0.9854987262394671,-0.9535252398831873
1,2,-0.471555444591076,-0.9379110330460356,-0.8215721568923331,-0.9006968641114982,-0.9819713893787969,-0.995244055068836
2,2,-0.9619431465563362,-0.8997317647699575,-0.5867725837222586,-0.9589441851291828,-0.16142465216539303,-0.9942010846891948
1,2,-0.8255697827870314,-0.9763081573465135,-0.9482199251969776,-0.8546446650450331,-0.9911816578483246,-0.9877346683354192
1,2,-0.810714413096979,-0.9526163146930272,-0.8352177802688165,-0.9520741568601669,-0.9581618655692731,-0.948685857321652
2,2,-0.9736776402610835,-0.5935078904728837,-0.7430182049430354,-0.9790612057063965,-0.8095238095238096,-0.8537755527743012
1,2,-0.8729535970324928,-0.9640537559740205,-0.9526175668538538,-0.9127605022680954,-0.9960807368214777,-0.9559449311639548
1,2,-0.9789742126475728,-0.9174053347493974,-0.8682647638962242,-0.9686739859312339,-0.9599255339996082,-0.93183145598665
1,2,-0.7896172914363162,-0.9276173358931415,-0.923364627008849,-0.931102491617908,-0.9655594748187342,-0.9979974968710889
2,2,-0.8260156222135036,-0.31876421170159164,-0.6196902249479934,-0.9637433436328972,-0.39226925338036456,-0.9323320817688777
1,2,-0.9684167350287121,-0.9008482768950069,-0.9509145585651615,-0.9839261061074221,-0.9866745051930238,-0.9653316645807258
1,2,-0.836787102757071,-0.9498386503819287,-0.8886793062935856,-0.9116100190651502,-0.9889770723104058,-0.9536921151439298
1,2,-0.7168384634590006,-0.9820813419931103,-0.9286029942765986,-0.8791006508447833,-0.928130511463845,-0.9905715477680433
1,2,-0.7617969112244534,-0.9757907492885638,-0.7501535941019863,-0.9707448556965353,-0.9178914364099551,-0.9762202753441802
1,2,-0.5367906694724827,-0.9038165652274552,-0.9469480582471947,-0.9229504963513246,-0.9932882618067804,-0.9545682102628285
1,2,-0.416592360095588,-0.5444358209768119,-0.706328077001843,1.0,-0.9378306878306879,-0.7661243220692532
1,2,-0.9213360915932517,-0.9576542352572742,-0.9692165084018667,-0.8858391953191769,-0.9811875367430924,-0.9653316645807258
1,2,-0.9903877019652602,-0.9770161894258131,-0.9641937118035719,-0.9872132009729799,-0.99583578287282,-0.9783479349186482
1,2,-0.6980775403930519,-0.9413422654303336,-0.9270077713226337,-0.742817697718756,-0.9898589065255733,-0.9361284939507717
1,2,-0.9088704212290901,-0.9610310036354723,-0.9012686333897408,-0.8322924199592399,-0.9760435038212817,-0.9692949520233625
1,2,-0.825462781324678,-0.952861402720477,-0.889929616176423,-0.8834724870159751,-0.9912306486380561,-0.9566124322069253
2,2,-0.7999072653992938,-0.5962583227809322,-0.4214945514513294,-0.9602590230754059,-0.5295414462081129,-0.954151022110972
1,2,-0.6019902271997717,-0.9139196383589994,-0.9688715953307392,-0.9282427190848727,-0.9914266117969823,-0.8915727993324989
2,2,-0.847308913221814,-0.8658823849788271,0.450682820095498,-0.9965156794425086,0.8665000979815793,-0.9494367959949936
2,2,-0.7000392338695295,-0.9762264613373636,-0.9409336365694082,-0.6208664782065609,-0.9838820301783265,-0.8546933667083854
2,2,-0.5170845668224132,-0.8158571953760059,-0.7674639188591998,-0.9559529288015252,-0.798745835782873,-0.9108886107634543
1,2,-0.7509184292185326,-0.9603502035592227,-0.9713937721633593,-0.9794556570902635,-0.9929943170683913,-0.9676679182311222
1,2,-0.8332917216535292,-0.9648162520594201,-0.9437791694062105,-0.7322661232003155,-0.9784930433078582,-0.9639132248644138
1,2,-0.9999999999999999,-0.9924295031521043,-0.8487125041766816,-0.48800210374071384,-0.9994121105232218,-0.9771798080934501
1,2,-0.9533830295680708,-0.9691461405443677,-0.8851223902475828,-0.6857866018013279,-0.9720752498530277,-0.9191072173550271
2,3,-0.9932589078717409,-0.891888947891562,-0.7916078338381278,-0.988067845638025,-0.6439349402312367,-0.9429286608260324
2,3,-0.95867960195456,-0.8445597265906892,-0.7578063528676287,-0.9756097560975608,-0.7472565157750344,-0.9100959532749269
1,3,-0.9955059385811605,-0.8446958866059392,-0.8723821636828092,-0.9893498126355925,-0.7750342935528122,-0.9447225698790154
2,3,-0.9699325890787174,-0.8118540909276581,-0.432768897463811,-0.9529616724738675,-0.24230844601214985,-0.9985815602836878
1,3,-0.9457859257409851,-0.9695818525931674,-0.9620595621759702,-0.9273880744198276,-0.9895159709974526,-0.984313725490196
1,3,-0.9786888754146306,-0.9306400882316898,-0.8203865182103321,-0.9876076523568469,-0.8118753674309231,-0.9874843554443054
2,3,-0.9506366587010022,-0.8125348910039077,-0.6650462938012653,-0.9123003089869173,-0.6768077601410936,-0.9536086775135586
2,3,-0.511770160858865,-0.8058630502566615,-0.7346756200351379,-0.9084872789428702,-0.7737605330197924,-0.9574885273258239
1,3,-0.9389199985733138,-0.9366855929087863,-0.9563469394354203,-0.956741831569259,-0.9421418773270627,-0.9723821443471005
2,3,-0.8933908763419767,-0.6027940035129283,-0.5576921004128177,-0.9349155216619551,-0.4015775034293554,-0.9815602836879432
1,3,-0.9372614759068374,-0.9715697888158162,-0.95701520851073,-0.9417855499309709,-0.99167156574564,-0.9586149353358364
2,3,-0.9784748724899239,-0.7279795215337064,-0.519471420718497,-0.9435934521070277,-0.38100137174211257,-0.8692532332081768
1,3,-0.9892106858793737,-0.9713791647944664,-0.9670176875734287,-0.9735388863322595,-0.995737801293357,-0.9919899874843554
2,3,-0.9979669722152869,-0.8309164930626471,-0.5429901807560062,-0.9933271974229175,-0.5748089359200471,-0.9537755527743011
1,3,-0.7496879124014695,-0.8001715616192149,-0.9451372646237752,-0.7909078956018669,-0.9348422496570645,-0.9024614100959532
1,3,-0.9966651210899882,-0.9817000939504105,-0.9566918525065479,-0.9927683912957727,-0.991132667058593,-0.9948268669169795
1,3,-0.5954809715732781,-0.9978486717590511,-0.9953652306067236,-0.897048188810729,-0.9997060552616109,-0.9772632457238214
2,3,-0.9993936583799978,-0.966776956279019,-0.5199456761912973,-0.9963184537505752,-0.6696061140505586,-0.9955360867751355
1,3,-0.9865178157434817,-0.4932396552428413,-0.9642799400713538,-0.7998487936361842,-0.9738879090730944,-0.8290780141843971
1,3,-0.985857973392303,-0.841428046239941,-0.9546008170128372,-0.9896456511734928,-0.9887811091514797,-0.9677513558614934
1,3,-0.6479116881264044,-0.923287447408194,-0.9568211949082207,-0.9153244362632305,-0.9772192827748385,-0.9791405924071755
1,3,-0.915629346934408,-0.9849679343164086,-0.981439365359949,-0.961179409637762,-0.9923574368018814,-0.9832290362953692
1,3,-0.9622284837892784,-0.9578993232847242,-0.9471851859835949,-0.9824140424692656,-0.9913776210072508,-0.970421360033375
1,3,-0.9175375396797089,-0.9743474531269146,-0.9043944080968342,-0.994543422523174,-0.9347442680776015,-0.9870254484772631
1,3,-0.9534186967221885,-0.9777242215051127,-0.9672117011759379,-0.9645651173492866,-0.974965706447188,-0.9806007509386733
2,3,-0.9163783571708812,-0.8346200454774451,-0.8270692089634283,-0.9476037078430083,-0.7789535567313346,-0.8705882352941176
1,3,-0.829546670471163,-0.9411244094059338,-0.9641937118035719,-0.9622641509433961,-0.9892710170487949,-0.9814768460575719
1,3,-0.9380461532974284,-0.977152349441063,-0.9885531974519546,-0.952928801525212,-0.987801293356849,-0.985857321652065
1,3,-0.6017405571209473,-0.9689282845199678,-0.9481983681300321,-0.9335678127670763,-0.9951989026063102,-0.9768460575719649
1,3,-0.8892891536184327,-0.9923205751399043,-0.9853411944770794,-0.9650253106304647,-0.9981383499902019,-0.9877763871506049
2,3,-0.2924349966116203,-0.8940947401386108,-0.8932494044860255,-0.9559857997501807,-0.9745247893396043,-0.906883604505632
1,3,-0.6415094339622641,-0.9501109704124286,-0.9582655183935672,-0.732463348892249,-0.9650695669214189,-0.9671672924488944
1,3,-0.9307878874344615,-0.8979889165747585,-0.9646895243433178,-0.9720268226941029,-0.980697628845777,-0.7986649979140592
2,3,-0.7311944929914042,-0.831107117083997,-0.8405854899382389,-0.9513838669383997,-0.9062806192435823,-0.8702544847726323
1,3,-0.8870242893319542,-0.9400623612869844,-0.96410748353579,-0.9517783183222667,-0.9849108367626888,-0.9715060492282018
1,3,-0.8958875771302207,-0.9620113557452717,-0.9750153594101986,-0.9811978173690091,-0.9768273564569862,-0.9972048393825614
2,3,-0.9441274030745086,-0.7664855738463842,-0.7071903596796618,-0.8153967523502728,-0.7715559474818735,-0.9406341259908217
1,3,-0.3082355458857937,-0.9156080225480985,-0.942981557929228,-0.9668332128065215,-0.9954438565549678,-0.9483103879849811
1,3,-0.9425402147162677,-0.9117955421211006,-0.9590631298705496,-0.9915521661955163,-0.9968155986674506,-0.9536503963287442
2,3,-0.9278631807968042,-0.86087169641763,-0.776065188570443,-0.9965485503911642,-0.9603174603174605,-0.9926574885273257
1,3,-0.4961301137782216,-0.9757907492885638,-0.9538032055358547,-0.8732496219840904,-0.9707524985302765,-0.9888610763454317
1,3,-0.683150836394764,-0.876475634165271,-0.965206893950009,-0.6745118664124645,-0.9880952380952382,-0.9779307467667917
1,3,-0.3856154367443021,-0.7990278174911155,-0.817497871239639,-0.9173295641312207,-0.916323731138546,-0.8794326241134751
1,3,-0.9675785569069444,-0.9643533080075704,-0.92569279023896,-0.8691407534021431,-0.980697628845777,-0.9850646641635377
1,3,-0.8095373970110924,-0.40626063750119135,-0.6680858402405767,-0.8813358753533627,-0.9863315696649031,-0.7865248226950354
1,3,-0.7925598316510325,-0.9763898533556635,-0.9652715651508454,-0.9159161133390309,-0.9907407407407408,-0.9555694618272841
1,3,-0.9785462067981595,-0.9029179091268057,-0.9384761309376245,-0.9368877785812898,-0.9828532235939644,-0.9597830621610346
1,3,-0.6270107358133894,-0.9493212423239791,-0.9661554048956098,-0.936394714351456,-0.9888300999412112,-0.9600333750521485
1,3,-0.8255519492099725,-0.9784050215813623,-0.9747997887407438,-0.9456971928209847,-0.9903488144228886,-0.9831873174801835
1,3,-0.8326853800335271,-0.959832795501273,-0.9694105220043759,-0.9015843797251988,-0.9890260631001373,-0.9715894868585732
1,3,-0.9402753504297892,-0.9693367645657176,-0.9714368862972503,-0.8199658142133981,-0.9849108367626888,-0.9584063412599082
1,3,-0.9528480222563042,-0.9263101997467423,-0.950203175355961,-0.97100782328578,-0.9954928473446993,-0.9239048811013767
1,3,-0.9908157078146734,-0.8876679874188145,-0.9224592301971393,-0.9791598185523633,-0.994170096021948,-0.9728410513141427
1,3,-0.5786104076755716,-0.8182263796413545,-0.9172424199963352,-0.7174741963053053,-0.9812855183225555,-0.9659574468085106
1,3,-0.7793273174733387,-0.9779420775295126,-0.9309958287075459,-0.9548681874958911,-0.9928473446991967,-0.9812682519816437
1,3,-0.8288154938117487,-0.9656604441539697,-0.9728380956487059,-0.9048057326934454,-0.9589457182049775,-0.9880267000417188
2,3,-0.9195349003103042,-0.6749588115953868,-0.7986138805954061,-0.9139109854710405,-0.8346560846560848,-0.9078014184397163
1,3,-0.7943431893569212,-0.9561292430864752,-0.9692811796027031,-0.7760502268095456,-0.9970115618263767,-0.9691280767626199
1,3,-0.7960017120233975,-0.9733943330201652,-0.987518458238572,-0.8236473604628228,-0.9965216539290614,-0.9898206090947016
1,3,-0.8286371580411598,-0.9857848944079081,-0.9799088136068206,-0.9481953849188086,-0.9771702919851069,-0.9844806007509386
1,3,-0.9207654171273674,-0.9768255654044632,-0.9733770223223427,-0.8832752613240418,-0.9926513815402705,-0.9578222778473091
1,3,-0.5155687127724078,-0.925220919624743,-0.9541912327408731,-0.5661692196436788,-0.9956398197138939,-0.920775969962453
1,3,-0.5267681991653885,-0.8720640496711735,-0.8903176433814414,-0.9935901650121621,-0.9996570644718794,-0.9859407592824363
1,3,-0.5434069265613296,-0.7017823345996215,-0.900815934983886,-0.996647163237131,-0.9691847932588674,-0.98811013767209
1,3,-0.6777472625459214,-0.8758765300981712,-0.9258221326406328,-0.8586877917296692,-0.9553693905545758,-0.9702962035878181
1,3,-0.8772871562578022,-0.9730130849774654,-0.9749075740754711,-0.9328117809479981,-0.9710954340583972,-0.9843554443053817
1,3,-0.5530370581731283,-0.8650654248873275,-0.8917188527328971,-0.6784892511997895,-0.9466490299823634,-0.9600750938673341
2,3,-0.8687627064236544,-0.6517299129937502,-0.5973139894585942,-0.9070080862533692,-0.6139525769155401,-0.9770546516478932
2,3,-0.852801654955951,-0.8958375883338098,-0.8619485432812011,-0.9467161922293077,-0.8664021164021165,-0.9857738840216937
1,3,-0.8447587117023933,-0.9025366610841059,-0.8685665628334608,-0.9236079153244362,-0.8961395257691556,-0.7858156028368793
1,3,-0.8817633840995827,-0.9444194817749819,-0.9016997747286503,-0.9551640260337912,-0.909024103468548,-0.9211931581143095
1,3,-0.9621393159039839,-0.9119317021363506,-0.9293359345527447,-0.9503648675300769,-0.9886341367822851,-0.8180225281602002
1,3,-0.9983236437564647,-0.9033263891725555,-0.732757041076991,-0.9976004207481427,-0.8546443268665492,-0.9975385899040466
1,3,-0.9111887862467454,-0.8691774573478751,-0.8570766461515245,-0.41354940503582927,-0.9554673721340389,-0.8985398414685022
1,3,-0.8936048792666833,-0.9473060740982802,-0.9264041734481605,-0.8141476563013608,-0.9445424260239076,-0.9880267000417188
2,3,-0.8602025894353889,-0.8368530697275437,-0.8157086346831649,-0.9452369995398067,-0.8267195767195769,-0.9219440967876512
2,3,-0.9217819310197239,-0.7035796468009203,-0.7649201849596343,-0.9729472092564591,-0.6705369390554576,-0.9586983729662077
1,3,-0.9097264329279167,-0.8517489753958851,-0.76175129611865,-0.9888567484057589,-0.829414070154811,-0.9557780559032123
2,3,-0.9882833398723115,-0.7701891262611821,-0.5986289705422678,-0.9964499375451975,-0.6699490495786793,-0.9677513558614934
1,3,-0.8420301744123836,-0.8984790926296583,-0.9521433113810533,-0.9800144632174084,-0.9227415245933765,-0.9366708385481852
1,3,-0.9205870813567785,-0.8580940321065316,-0.7149293467130862,-0.9999999999999999,-0.6661277679796199,-0.9420108468919483
2,3,-0.6957591753753967,-0.8695042413844749,-0.8049085441434838,-0.9669318256524883,-0.8328434254360182,-0.9256987901543595
1,3,-0.5292470663765738,-0.9639992919679206,-0.9101285879043296,-0.9735388863322595,-0.9537037037037038,-0.9493116395494368
2,3,-0.6868067196918357,-0.9011205969255067,-0.899673410435776,-0.9660114390901321,-0.9118165784832453,-0.9722569879015436
2,3,-0.6972393622712842,-0.9229606633715942,-0.73637862832383,-0.972092564591414,-0.8427395649617873,-0.9897371714643304
1,3,-0.799550593858116,-0.9359230968233867,-0.9441671966112289,-0.49631845375057515,-0.9948559670781894,-0.9214434710054233
1,3,-0.7658272996397617,-0.7469602276595455,-0.6914537008094677,-0.8975741239892182,-0.7513227513227514,-0.9211097204839382
1,3,-0.4469986089809893,-0.5470773252726604,-0.8830313547538721,-0.5050621260929589,-0.9786400156770528,-0.9516061743846475
1,3,-0.9457145914327495,-0.8389227019593426,-0.8942194724985717,-0.9285714285714285,-0.9585048010973938,-0.9869002920317063
1,3,-0.8465599029853408,-0.9538417548302764,-0.9228903715360487,-0.9992768391295772,-0.9960317460317462,-0.8957863996662494
1,3,-0.9448229125798052,-0.8863063872663153,-0.6447395367386313,-0.9819209782394319,-0.9883401920438959,-0.9133500208594075
1,3,-0.8478795876876983,-0.8515583513745353,-0.8888302057622038,-0.5575241601472618,-0.9326866549088773,-0.9376303712974551
1,3,-0.6234618539786709,-0.9698541726236672,-0.8975823749420653,-0.9919794885280389,-0.9350872036057223,-0.9836462244472256
1,3,-0.9647073510004636,-0.9138651743528995,-0.9678799702512475,-0.9501676418381434,-0.9827062512247698,-0.9396745932415519
1,3,-0.701679922958947,-0.8946938442057104,-0.8277374780387379,-0.9782065610413515,-0.883989809915736,-0.9651647893199833
1,3,-0.4703427613510718,-0.6733248914123877,-0.6545695592657661,-0.5690618631253697,-0.9912306486380561,-0.908176887776387
1,3,-0.3004779398651781,-0.9625287638032215,-0.9835950720544961,-0.8525737952797316,-0.9955908289241624,-0.9022528160200249
2,3,-0.7409137924884973,-0.5797284969295916,-0.3481142955689447,-0.9864571691539017,-0.2730746619635509,-0.9222361284939506
1,3,-0.8165459927952348,-0.9475511621257301,-0.9519492977785441,-0.9667017290118992,-0.9919165196942976,-0.9114726741760534
1,3,-0.95035132146806,-0.9552578189888756,-0.9459564331677031,-0.9986851620537768,-0.9767783656672546,-0.9979557780559032
